ProductKey,ProductName,ProductCategoryName,Color,Size,Weight,StandardCost,ListPrice
1,"Superhero Max","Action Figures",Red,M,0.30,5.00,14.99
2,Robo-X200,"Action Figures",Silver,L,0.50,8.50,19.99
3,"Princess Sofia Doll",Dolls,Pink,Standard,0.60,7.00,21.99
4,"Magic Styling Head",Dolls,Blonde,Standard,0.70,9.00,24.99
5,"Alphabet Blocks Set","Educational Toys",Multicolor,Box,1.20,4.00,12.99
6,"Solar Science Kit","Educational Toys",Blue,Small,0.80,6.50,17.99
7,"Fire Truck",Vehicles,Red,Large,1.50,6.00,16.99
8,"Race Car Turbo",Vehicles,Blue,Medium,0.90,4.50,13.49
9,"Family Board Game","Board Games",Multicolor,Box,1.30,8.00,22.00
10,"Giant Water Blaster","Outdoor Toys",Yellow,XL,1.80,10.00,29.99
