LocationKey,City,ZipCode,CountryName,RegionName
1,"New York",10001,"United States","North America"
2,"Los Angeles",90001,"United States","North America"
3,Toronto,"M5H 2N2",Canada,"North America"
4,"São Paulo",01000-000,Brazil,"South America"
5,"Buenos Aires",C1000,Argentina,"South America"
6,Rome,00100,Italy,Europe
7,Berlin,10115,Germany,Europe
8,Beijing,100000,China,Asia
9,Tokyo,100-0001,Japan,Asia
10,"Cape Town",8000,"South Africa",Africa
11,Lagos,101001,Nigeria,Africa
12,Sydney,2000,Australia,Oceania
13,Auckland,1010,"New Zealand",Oceania
14,Dubai,00000,"United Arab Emirates","Middle East"
15,Riyadh,11564,"Saudi Arabia","Middle East"
